architecture,run,gap,gap_category,same_trial,val_trial,val_lr,val_lr_decay,val_weight_decay,val_pick_val_acc,val_pick_test_acc,test_trial,test_lr,test_lr_decay,test_weight_decay,test_pick_val_acc,test_pick_test_acc
MLP-Giant,0,0.0,zero,True,42,0.0034430140604835,0.0,7.238082611566587e-06,83.36,84.11,42,0.0034430140604835,0.0,7.238082611566587e-06,83.36,84.11
MLP-Giant,1,0.0,zero,True,9,0.0412887275241253,0.3156586860917501,0.0001253306373192,84.45,84.97,9,0.0412887275241253,0.3156586860917501,0.0001253306373192,84.45,84.97
MLP-Giant,2,0.0799999999999983,positive,False,48,0.0464385847443646,0.2398113027562851,0.0002280316994601,84.26,83.92,53,0.0044835830235242,0.2365455180525902,1.506912465269522e-05,83.8,84.0
MLP-Giant,3,0.0,zero,True,39,0.0026548812757873,0.0,0.0003811432942346,84.03,83.68,39,0.0026548812757873,0.0,0.0003811432942346,84.03,83.68
MLP-Giant,4,0.5499999999999972,positive,False,6,0.0050185605307224,0.30503784980424,1.6882958838316894e-06,82.84,83.17,89,0.0032050350052323,0.1491957657634462,1.6292512919105285e-06,82.18,83.72
MLP-Giant,5,0.2800000000000011,positive,False,68,0.0686212732943692,0.3118465846212144,4.989447228497741e-05,83.75,83.08,65,0.0049965733138826,0.0,0.0003396996572115,82.97,83.36
MLP-Giant,6,0.0,zero,True,1,0.0029137189772268,0.0,4.1613070126867945e-05,83.49,83.55,1,0.0029137189772268,0.0,4.1613070126867945e-05,83.49,83.55
MLP-Giant,7,0.2199999999999988,positive,False,10,0.0057774477508766,0.4931815412680094,2.346980656384542e-06,83.36,82.53,57,0.0185714576397812,0.3443894455317722,0.0001079754242118,82.34,82.75
MLP-Giant,8,0.0,zero,True,34,0.0032897455315789,0.0,3.6537043669716847e-06,83.84,84.36,34,0.0032897455315789,0.0,3.6537043669716847e-06,83.84,84.36
MLP-Giant,9,0.0699999999999931,positive,False,57,0.0057899064576547,0.4937076396164285,0.0001561004911598,84.27,83.64,26,0.0028168409861193,0.2928896438340025,1.1382365360479556e-06,83.23,83.71
MLP-Giant,10,0.0,zero,True,17,0.0036468305533219,0.0,3.7690319186523807e-06,83.56,83.97,17,0.0036468305533219,0.0,3.7690319186523807e-06,83.56,83.97
MLP-Giant,11,0.0,zero,True,23,0.0319780691111739,0.3436633664753583,5.388697634809453e-05,84.59,84.3,23,0.0319780691111739,0.3436633664753583,5.388697634809453e-05,84.59,84.3
MLP-Giant,12,0.0,zero,True,26,0.0032530726245131,0.1738453115502803,3.7403398791249136e-05,83.05,83.78,26,0.0032530726245131,0.1738453115502803,3.7403398791249136e-05,83.05,83.78
MLP-Giant,13,0.0,zero,True,54,0.0817904292819479,0.3598556356721316,3.922959628573386e-05,83.64,83.78,54,0.0817904292819479,0.3598556356721316,3.922959628573386e-05,83.64,83.78
MLP-Giant,14,0.0,zero,True,93,0.0070268875143724,0.4081055735752058,0.0003135051291642,83.66,83.75,93,0.0070268875143724,0.4081055735752058,0.0003135051291642,83.66,83.75
MLP-Giant,15,0.0,zero,True,46,0.0216328100358925,0.480378721400796,8.284960144446653e-05,84.09,84.87,46,0.0216328100358925,0.480378721400796,8.284960144446653e-05,84.09,84.87
MLP-Giant,16,0.0,zero,True,97,0.0402079538293263,0.2335222793042284,0.0001585747683902,84.31,85.02,97,0.0402079538293263,0.2335222793042284,0.0001585747683902,84.31,85.02
MLP-Giant,17,0.0,zero,True,10,0.0573447014080365,0.4850470939595723,3.519138581409901e-05,84.5,84.7,10,0.0573447014080365,0.4850470939595723,3.519138581409901e-05,84.5,84.7
MLP-Giant,18,0.5699999999999932,positive,False,4,0.003802997906879,0.0,4.515574629723295e-06,83.7,83.4,13,0.0050671662922988,0.3143157764607633,1.7033489026722838e-05,83.46,83.97
MLP-Giant,19,0.0,zero,True,59,0.0070784009094986,0.4803345441583067,0.0002004948692232,84.05,83.66,59,0.0070784009094986,0.4803345441583067,0.0002004948692232,84.05,83.66
MLP-Giant,20,0.3299999999999983,positive,False,41,0.0024645841668529,0.0,0.0002158675345104,83.99,83.48,67,0.0377236999311076,0.4929672541433288,2.884392173679579e-05,83.8,83.81
MLP-Giant,21,0.1099999999999994,positive,False,16,0.0554406849744915,0.2350761032694781,0.0001121927314671,84.59,84.14,66,0.0063379538883503,0.0,4.706836389413792e-05,83.84,84.25
MLP-Giant,22,0.8999999999999915,positive,False,18,0.0466306143584266,0.3613835072458893,4.647024505847338e-05,83.87,82.98,87,0.0064935568927679,0.0,0.0003002717917181,83.47,83.88
MLP-Giant,23,0.0200000000000102,positive,False,66,0.0039270718318995,0.4525403660491249,7.314532808351701e-06,83.77,83.35,60,0.074468866934619,0.2127003928278559,5.27558982893949e-05,83.39,83.37
MLP-Giant,24,0.9699999999999988,positive,False,99,0.0189005557528837,0.337549980992255,0.0003323082982667,83.73,83.52,18,0.0047671167289562,0.0,0.0001689328162722,83.63,84.49
MLP-Giant,25,0.8700000000000045,positive,False,17,0.0042383289933476,0.3023330737499589,9.00780251955714e-06,84.18,83.24,92,0.0038603229263911,0.0,7.455252538766613e-06,84.15,84.11
MLP-Giant,26,0.0,zero,True,85,0.0181447062139225,0.0,0.0001784334319618,83.69,83.16,85,0.0181447062139225,0.0,0.0001784334319618,83.69,83.16
MLP-Giant,27,0.0600000000000022,positive,False,33,0.0576587916409686,0.1712627895022143,0.0004744783797742,83.5,82.89,44,0.0561900487940245,0.4066394214059607,0.0001866745854287,83.34,82.95
MLP-Giant,28,0.0,zero,True,39,0.0057352888006616,0.0,6.394382248513974e-05,84.37,84.07,39,0.0057352888006616,0.0,6.394382248513974e-05,84.37,84.07
MLP-Giant,29,0.7299999999999898,positive,False,37,0.0269354142127383,0.3528387684985535,4.453650494040691e-05,83.2,82.51,32,0.0055091046166822,0.3504078018648786,0.0001703166944109,83.17,83.24
