val_trial,test_trial,new_trial,val_test_acc,test_test_acc,new_test_acc,val_cifar101_acc,test_cifar101_acc,new_cifar101_acc,n_trials,architecture,run,source
10,27,10,94.08738039357284,94.30402599747246,94.08738039357284,86.2,85.75,86.2,30,mobilenetv2,0,random
7,7,22,94.38344977769712,94.38344977769712,93.96606478540969,87.05,87.05,87.5,30,mobilenetv2,1,random
25,21,17,94.76786361987668,94.86760972071092,94.63184620964816,87.25,87.0,87.35,29,mobilenetv2,2,random
21,23,21,94.54297407912688,94.85220554797635,94.54297407912688,87.95,86.75,87.95,30,mobilenetv2,3,random
14,13,13,94.30717712010136,94.3524300841705,94.3524300841705,86.45,87.35,87.35,29,mobilenetv2,4,random
26,26,26,94.3786443148688,94.3786443148688,94.3786443148688,87.15,87.15,87.15,30,mobilenetv2,5,random
10,10,12,94.65173005691572,94.65173005691572,94.62462733760954,86.7,86.7,87.3,30,mobilenetv2,6,random
4,4,4,94.5985005871195,94.5985005871195,94.5985005871195,87.35,87.35,87.35,30,mobilenetv2,7,random
4,4,4,94.30431244914564,94.30431244914564,94.30431244914564,87.7,87.7,87.7,29,mobilenetv2,8,random
8,8,8,94.3064369900272,94.3064369900272,94.3064369900272,87.1,87.1,87.1,28,mobilenetv2,9,random
26,20,20,94.03603603603604,94.27927927927928,94.27927927927928,87.15,87.25,87.25,28,mobilenetv2,10,random
26,26,26,94.52591310684032,94.52591310684032,94.52591310684032,87.15,87.15,87.15,29,mobilenetv2,11,random
8,2,8,94.06281111412798,94.33432889854284,94.06281111412798,87.3,87.0,87.3,29,mobilenetv2,12,random
25,23,23,94.08675178846327,94.3674726070814,94.3674726070814,87.3,87.3,87.3,30,mobilenetv2,13,random
3,3,3,94.88502625384754,94.88502625384754,94.88502625384754,87.35,87.35,87.35,30,mobilenetv2,14,random
12,0,0,94.48462929475588,94.50271247739602,94.50271247739602,87.0,87.55,87.55,20,mobilenetv2,15,random
7,7,16,94.96461622210126,94.96461622210126,94.39303211758302,86.4,86.4,87.1,20,mobilenetv2,16,random
13,7,18,94.23425054308473,94.42433019551048,94.22519913106444,86.85,86.65,87.5,20,mobilenetv2,17,random
4,4,4,93.59913208570654,93.59913208570654,93.59913208570654,87.45,87.45,87.45,20,mobilenetv2,18,random
4,13,4,94.35182654641524,94.36093650359844,94.35182654641524,87.8,86.95,87.8,20,mobilenetv2,19,random
19,19,19,94.70060693903432,94.70060693903432,94.70060693903432,86.85,86.85,86.85,20,mobilenetv2,20,random
9,0,0,94.1468253968254,94.43542568542568,94.43542568542568,86.95,87.2,87.2,20,mobilenetv2,21,random
9,9,9,94.20486393635296,94.20486393635296,94.20486393635296,87.35,87.35,87.35,20,mobilenetv2,22,random
12,12,6,94.22290852938504,94.22290852938504,93.98673812335362,86.85,86.85,86.9,20,mobilenetv2,23,random
8,8,8,94.7970007315289,94.7970007315289,94.7970007315289,87.3,87.3,87.3,20,mobilenetv2,24,random
13,13,13,94.27144802541989,94.27144802541989,94.27144802541989,87.45,87.45,87.45,20,mobilenetv2,25,random
14,15,10,94.41083521444696,94.78103837471784,94.52821670428894,87.2,87.05,87.55,20,mobilenetv2,26,random
5,5,5,94.09320809248555,94.09320809248555,94.09320809248555,86.8,86.8,86.8,20,mobilenetv2,27,random
15,15,15,94.63392451114144,94.63392451114144,94.63392451114144,87.5,87.5,87.5,20,mobilenetv2,28,random
17,17,4,94.22781145390393,94.22781145390393,93.89306070750024,86.55,86.55,87.15,20,mobilenetv2,29,random
9,9,4,94.97455470737914,94.97455470737914,94.89276626681207,87.05,87.05,87.6,30,resnet9,0,random
4,21,20,94.50240406422934,94.55683570715776,94.43890048081283,87.1,86.95,87.65,28,resnet9,1,random
6,18,18,94.4759845003154,94.84545372623232,94.84545372623232,86.35,87.45,87.45,29,resnet9,2,random
6,5,6,94.44545289526228,94.52713741150843,94.44545289526228,87.5,86.9,87.5,29,resnet9,3,random
6,6,24,94.7125813449024,94.7125813449024,94.10701373825016,86.65,86.65,86.9,30,resnet9,4,random
8,8,8,94.7755769580229,94.7755769580229,94.7755769580229,86.7,86.7,86.7,30,resnet9,5,random
27,12,27,94.40954201948466,94.66448147136484,94.40954201948466,87.2,86.3,87.2,29,resnet9,6,random
5,11,11,94.67477093350269,94.80177810033568,94.80177810033568,85.5,87.05,87.05,30,resnet9,7,random
15,15,27,94.59705293796615,94.59705293796615,94.55157358559214,86.55,86.55,86.9,29,resnet9,8,random
25,25,18,95.02897500905468,95.02897500905468,94.70300615718942,86.8,86.8,87.5,29,resnet9,9,random
9,23,8,94.8219476744186,94.96729651162792,94.35864825581396,87.4,86.9,87.5,30,resnet9,10,random
10,10,10,94.81474754812932,94.81474754812932,94.81474754812932,87.15,87.15,87.15,29,resnet9,11,random
9,9,6,94.47613873041746,94.47613873041746,94.46708322013946,86.85,86.85,87.6,29,resnet9,12,random
17,3,26,94.48582848837208,95.0218023255814,94.71293604651164,86.05,87.3,87.7,29,resnet9,13,random
5,5,10,94.91755752853778,94.91755752853778,94.6820076100743,87.15,87.15,88.2,29,resnet9,14,random
4,4,4,94.99323410013533,94.99323410013533,94.99323410013533,86.85,86.85,86.85,18,resnet9,15,random
10,16,10,94.53463203463204,94.56168831168831,94.53463203463204,87.1,86.9,87.1,20,resnet9,16,random
16,7,8,94.4721341187132,94.73493429995467,94.49932034435886,87.15,86.6,87.8,20,resnet9,17,random
8,6,8,94.5617402431222,94.71711909331871,94.5617402431222,86.85,86.2,86.85,20,resnet9,18,random
0,0,0,95.15502124197776,95.15502124197776,95.15502124197776,87.65,87.65,87.65,20,resnet9,19,random
17,17,17,94.79006772009028,94.79006772009028,94.79006772009028,87.95,87.95,87.95,20,resnet9,20,random
11,13,13,94.82587064676616,95.06105834464044,95.06105834464044,86.8,87.4,87.4,20,resnet9,21,random
7,10,12,94.38495455772518,94.57392243318635,94.52893008188607,87.5,85.95,87.8,20,resnet9,22,random
5,5,8,94.51992753623188,94.51992753623188,93.67753623188406,85.95,85.95,86.75,19,resnet9,23,random
11,17,1,94.68297101449276,94.98188405797102,94.95471014492752,86.85,87.65,87.95,20,resnet9,24,random
9,11,11,94.3669674596664,94.5401513079938,94.5401513079938,86.6,87.3,87.3,20,resnet9,25,random
6,11,6,94.52216569767442,94.64934593023256,94.52216569767442,87.3,86.95,87.3,20,resnet9,26,random
4,6,4,94.3937064834072,94.5203002079754,94.3937064834072,87.5,86.35,87.5,20,resnet9,27,random
7,12,7,94.62248777838133,94.72207133804092,94.62248777838133,87.95,86.95,87.95,20,resnet9,28,random
13,9,9,94.14048392921632,94.23979776092452,94.23979776092452,86.55,87.6,87.6,20,resnet9,29,random
7,13,14,92.24271050958306,92.66963393587064,92.14279226087748,84.35,83.1,84.45,28,resnet_basic_20,0,random
9,9,9,92.31397459165154,92.31397459165154,92.31397459165154,84.0,84.0,84.0,30,resnet_basic_20,1,random
3,2,21,92.6093241778099,92.90748102638236,92.6454644018793,83.0,84.6,84.8,29,resnet_basic_20,2,random
13,29,13,92.27572499774143,92.40220435450355,92.27572499774143,84.1,84.05,84.1,30,resnet_basic_20,3,random
11,29,16,92.12983951400852,92.8007978964548,91.81249433312178,84.0,84.6,84.8,30,resnet_basic_20,4,random
8,4,8,92.5892535160476,92.60728452939055,92.5892535160476,84.75,83.95,84.75,30,resnet_basic_20,5,random
19,24,19,92.5684838622186,92.82162553114549,92.5684838622186,84.8,83.25,84.8,29,resnet_basic_20,6,random
16,10,0,92.04339963833635,92.05244122965642,92.0253164556962,83.4,83.4,84.3,29,resnet_basic_20,7,random
3,27,27,92.32304900181488,92.66787658802178,92.66787658802178,84.15,84.9,84.9,30,resnet_basic_20,8,random
17,1,6,92.61280931586607,92.858442503639,91.73034934497817,83.65,83.45,83.8,30,resnet_basic_20,9,random
27,27,18,92.56100879978229,92.56100879978229,92.36142610904471,84.55,84.55,84.95,30,resnet_basic_20,10,random
12,23,26,91.913090515687,92.47205192931844,91.97619906238732,83.85,84.0,84.65,30,resnet_basic_20,11,random
5,5,5,92.52532627544036,92.52532627544036,92.52532627544036,84.15,84.15,84.15,29,resnet_basic_20,12,random
14,15,16,92.23037218147245,92.46581544870054,92.31187177397446,82.85,83.65,84.6,29,resnet_basic_20,13,random
29,7,13,92.31329027562995,92.55890111889384,92.01309924497409,83.85,84.0,84.3,30,resnet_basic_20,14,random
12,1,12,92.01191443271054,92.13827962812528,92.01191443271054,84.5,83.95,84.5,20,resnet_basic_20,15,random
6,16,7,92.5090579710145,92.83514492753623,91.81159420289856,83.85,83.45,84.0,20,resnet_basic_20,16,random
11,11,13,92.41211903263508,92.41211903263508,91.6119751865504,82.55,82.55,83.95,20,resnet_basic_20,17,random
12,12,9,92.07588272669511,92.07588272669511,91.8580375782881,84.4,84.4,84.55,20,resnet_basic_20,18,random
1,0,0,91.92816978051876,92.2909486667876,92.2909486667876,83.65,83.75,83.75,20,resnet_basic_20,19,random
6,18,9,92.5231103860794,92.80406017763278,92.0699655609933,83.1,82.65,83.85,20,resnet_basic_20,20,random
5,13,6,92.58655066159145,92.66811673010696,92.14246873300706,84.05,83.2,84.55,20,resnet_basic_20,21,random
12,14,11,92.11073916583732,92.1831177056003,91.88455622907809,83.7,83.7,84.25,20,resnet_basic_20,22,random
16,16,15,92.41079514580692,92.41079514580692,92.2115558775584,83.65,83.65,84.55,20,resnet_basic_20,23,random
15,15,16,92.62162162162164,92.62162162162164,92.49549549549548,83.3,83.3,84.0,20,resnet_basic_20,24,random
2,10,10,92.04452891664404,92.14408543759616,92.14408543759616,83.4,83.8,83.8,20,resnet_basic_20,25,random
5,5,8,92.88699127906976,92.88699127906976,92.42369186046513,84.0,84.0,84.15,20,resnet_basic_20,26,random
15,12,4,91.91249886538984,92.3572660433875,92.320958518653,82.4,83.6,83.65,20,resnet_basic_20,27,random
4,2,2,92.37802118222142,92.39612564497148,92.39612564497148,84.35,84.6,84.6,20,resnet_basic_20,28,random
6,6,12,92.259471245571,92.259471245571,92.05959843735803,84.1,84.1,85.2,20,resnet_basic_20,29,random
0,28,0,93.35089472249976,93.52348078844582,93.35089472249976,86.25,86.25,86.25,28,resnet_basic_32,0,random
1,10,3,92.7735781137509,93.1425485961123,92.83657307415407,83.55,84.75,85.1,30,resnet_basic_32,1,random
27,1,2,92.95034432765496,93.59369336716202,92.95940558173253,86.2,85.15,86.2,30,resnet_basic_32,2,random
14,9,14,92.58286542293062,92.67342872667994,92.58286542293062,85.3,82.95,85.3,30,resnet_basic_32,3,random
8,8,6,92.42973708068902,92.42973708068902,92.41160471441523,84.8,84.8,85.15,30,resnet_basic_32,4,random
5,23,5,93.27525183773484,93.48398221254196,93.27525183773484,85.55,85.35,85.55,30,resnet_basic_32,5,random
6,6,18,93.4978386167147,93.4978386167147,92.44416426512969,84.45,84.45,85.75,30,resnet_basic_32,6,random
0,0,0,93.06939662982424,93.06939662982424,93.06939662982424,85.65,85.65,85.65,29,resnet_basic_32,7,random
6,6,21,93.2284603562065,93.2284603562065,92.5232799927674,85.15,85.15,86.15,29,resnet_basic_32,8,random
9,28,28,92.89780428300352,93.24116743471582,93.24116743471582,84.1,85.5,85.5,28,resnet_basic_32,9,random
26,15,26,93.22784810126582,93.54430379746836,93.22784810126582,86.25,85.75,86.25,30,resnet_basic_32,10,random
6,12,6,92.93893129770991,92.98436932024718,92.93893129770991,86.3,85.8,86.3,30,resnet_basic_32,11,random
20,5,15,93.1524197195839,93.3152419719584,92.94436906377204,85.2,85.1,86.0,30,resnet_basic_32,12,random
9,9,15,93.3925496238557,93.3925496238557,92.92123629112662,84.95,84.95,86.4,30,resnet_basic_32,13,random
13,13,14,93.14151284835324,93.14151284835324,92.50814332247558,85.1,85.1,85.95,28,resnet_basic_32,14,random
13,13,13,93.07936507936508,93.07936507936508,93.07936507936508,85.75,85.75,85.75,27,resnet_basic_32,15,random
14,18,18,92.9526563064691,93.18756776292012,93.18756776292012,85.3,85.75,85.75,20,resnet_basic_32,16,random
17,15,8,92.92091261610604,93.1012715303454,92.93894850753,84.4,84.05,84.85,20,resnet_basic_32,17,random
17,17,17,93.25699745547074,93.25699745547074,93.25699745547074,85.9,85.9,85.9,20,resnet_basic_32,18,random
16,16,16,93.1396506471174,93.1396506471174,93.1396506471174,85.3,85.3,85.3,20,resnet_basic_32,19,random
14,15,15,92.66901982079828,92.96768938365464,92.96768938365464,85.1,85.6,85.6,20,resnet_basic_32,20,random
2,15,0,92.8765880217786,93.35753176043558,93.10344827586206,84.9,84.7,86.45,20,resnet_basic_32,21,random
7,7,10,93.31757432493863,93.31757432493863,92.97208837167015,85.1,85.1,85.15,20,resnet_basic_32,22,random
8,6,4,92.9069662107075,93.16967116586648,92.40873267506116,83.7,84.45,84.85,20,resnet_basic_32,23,random
19,19,19,93.30324909747291,93.30324909747291,93.30324909747291,85.6,85.6,85.6,20,resnet_basic_32,24,random
12,5,12,92.86940804338003,93.14053321283326,92.86940804338003,85.3,85.1,85.3,20,resnet_basic_32,25,random
8,8,3,93.49352051835854,93.49352051835854,93.43952483801296,85.7,85.7,86.0,20,resnet_basic_32,26,random
10,10,16,93.21896162528216,93.21896162528216,93.15575620767494,85.3,85.3,85.5,20,resnet_basic_32,27,random
2,8,11,92.52769202832758,93.10877065552933,92.37334301797712,85.05,84.75,85.4,20,resnet_basic_32,28,random
12,3,12,93.28371755309492,93.29279361045562,93.28371755309492,85.65,83.45,85.65,20,resnet_basic_32,29,random
9,9,9,93.1967878733195,93.1967878733195,93.1967878733195,85.75,85.75,85.75,27,resnet_basic_44,0,random
11,5,11,93.8118138099991,93.91162326467652,93.8118138099991,86.65,85.2,86.65,29,resnet_basic_44,1,random
16,8,15,93.17851959361391,93.8044267053701,93.12409288824384,84.75,85.05,86.1,30,resnet_basic_44,2,random
19,16,19,93.33152615885064,93.394777265745,93.33152615885064,86.25,85.6,86.25,30,resnet_basic_44,3,random
6,6,19,94.37260972500457,94.37260972500457,93.79894372609724,85.9,85.9,86.2,27,resnet_basic_44,4,random
4,4,4,93.67732558139537,93.67732558139537,93.67732558139537,86.3,86.3,86.3,29,resnet_basic_44,5,random
28,28,2,93.71423380870198,93.71423380870198,93.5053138341357,85.75,85.75,87.3,29,resnet_basic_44,6,random
4,4,4,93.77034358047015,93.77034358047015,93.77034358047015,85.55,85.55,85.55,28,resnet_basic_44,7,random
29,8,8,93.49031730157289,93.7267024274934,93.7267024274934,85.75,86.05,86.05,30,resnet_basic_44,8,random
9,9,9,93.86792452830188,93.86792452830188,93.86792452830188,86.55,86.55,86.55,27,resnet_basic_44,9,random
23,17,17,93.7635771180304,93.881245474294,93.881245474294,85.15,86.25,86.25,29,resnet_basic_44,10,random
2,21,21,93.28883276204222,93.44217932527512,93.44217932527512,84.7,86.0,86.0,29,resnet_basic_44,11,random
9,20,16,93.29766007618356,93.4427716306911,93.21603482677308,85.9,85.8,86.05,28,resnet_basic_44,12,random
4,4,4,93.46738240378492,93.46738240378492,93.46738240378492,86.75,86.75,86.75,29,resnet_basic_44,13,random
8,8,0,93.4395077368564,93.4395077368564,93.3761650529364,85.45,85.45,86.4,30,resnet_basic_44,14,random
14,14,9,93.59971072138852,93.59971072138852,93.27427228349303,85.55,85.55,85.55,20,resnet_basic_44,15,random
5,5,14,93.6241610738255,93.6241610738255,93.34300743696716,85.75,85.75,86.5,20,resnet_basic_44,16,random
9,9,12,93.94352129301734,93.94352129301734,93.32606919095616,85.45,85.45,85.5,20,resnet_basic_44,17,random
14,14,14,93.62665218178526,93.62665218178526,93.62665218178526,86.0,86.0,86.0,20,resnet_basic_44,18,random
13,13,4,93.34666424286492,93.34666424286492,92.7831303399382,85.65,85.65,85.75,19,resnet_basic_44,19,random
0,0,0,93.5693641618497,93.5693641618497,93.5693641618497,85.95,85.95,85.95,20,resnet_basic_44,20,random
8,13,8,93.4982267891243,93.60734745839774,93.4982267891243,85.75,85.05,85.75,20,resnet_basic_44,21,random
15,18,18,93.75340971085652,93.9261683942535,93.9261683942535,85.95,86.6,86.6,20,resnet_basic_44,22,random
2,9,2,93.73985206566842,93.92928017319142,93.73985206566842,85.85,85.1,85.85,20,resnet_basic_44,23,random
7,5,7,93.21464256517396,93.64156599146152,93.21464256517396,87.0,85.7,87.0,20,resnet_basic_44,24,random
6,14,1,93.54547913098352,93.77986117371316,93.56350851888578,86.25,86.6,87.0,20,resnet_basic_44,25,random
0,12,0,93.73309287646528,93.8863841298467,93.73309287646528,85.6,84.9,85.6,20,resnet_basic_44,26,random
7,12,7,93.66642573183954,93.68449584387425,93.66642573183954,87.1,85.2,87.1,20,resnet_basic_44,27,random
9,8,9,93.4027149321267,93.61085972850678,93.4027149321267,86.75,85.2,86.75,20,resnet_basic_44,28,random
6,6,6,94.21965317919076,94.21965317919076,94.21965317919076,86.7,86.7,86.7,20,resnet_basic_44,29,random
20,20,20,94.33073718529252,94.33073718529252,94.33073718529252,87.15,87.15,87.15,30,resnet_basic_56,0,random
7,7,7,93.77428390711124,93.77428390711124,93.77428390711124,86.6,86.6,86.6,28,resnet_basic_56,1,random
0,8,8,93.61798567672922,93.74490073429426,93.74490073429426,85.65,86.15,86.15,28,resnet_basic_56,2,random
15,15,15,93.89009399855388,93.89009399855388,93.89009399855388,86.35,86.35,86.35,30,resnet_basic_56,3,random
1,16,1,93.26809821509468,93.4311860106913,93.26809821509468,85.9,85.45,85.9,30,resnet_basic_56,4,random
1,1,16,93.6039693279206,93.6039693279206,93.44158773116824,86.35,86.35,86.55,30,resnet_basic_56,5,random
25,17,15,93.86258712772698,93.86258712772698,93.33755770797502,85.7,85.5,86.25,29,resnet_basic_56,6,random
23,28,28,93.6855436945902,93.82124117966347,93.82124117966347,85.55,86.75,86.75,27,resnet_basic_56,7,random
8,8,8,94.0012647935676,94.0012647935676,94.0012647935676,87.2,87.2,87.2,30,resnet_basic_56,8,random
6,15,15,93.51767905711696,93.59020852221217,93.59020852221217,85.4,86.15,86.15,28,resnet_basic_56,9,random
26,26,26,93.72623574144488,93.72623574144488,93.72623574144488,85.7,85.7,85.7,29,resnet_basic_56,10,random
28,28,15,93.59534206695778,93.59534206695778,92.99490538573508,85.35,85.35,85.75,28,resnet_basic_56,11,random
10,10,8,93.82470119521912,93.82470119521912,93.49873234335384,85.95,85.95,86.6,29,resnet_basic_56,12,random
4,27,4,93.64605929139552,93.70932754880694,93.64605929139552,86.45,85.5,86.45,29,resnet_basic_56,13,random
16,3,24,93.85019472873834,94.02228059052622,93.78679467439544,86.85,85.95,87.35,29,resnet_basic_56,14,random
10,10,10,93.91170616971232,93.91170616971232,93.91170616971232,86.25,86.25,86.25,20,resnet_basic_56,15,random
17,17,17,93.85075167542112,93.85075167542112,93.85075167542112,86.75,86.75,86.75,20,resnet_basic_56,16,random
10,10,19,94.16870084079196,94.16870084079196,93.653376729048,86.3,86.3,86.5,20,resnet_basic_56,17,random
7,7,19,93.293564714389,93.293564714389,93.0766449746927,86.2,86.2,86.55,20,resnet_basic_56,18,random
17,17,13,93.74660633484164,93.74660633484164,93.49321266968326,85.5,85.5,85.9,20,resnet_basic_56,19,random
5,5,5,93.68231046931407,93.68231046931407,93.68231046931407,86.4,86.4,86.4,20,resnet_basic_56,20,random
1,11,11,93.78082191780824,94.11872146118722,94.11872146118722,84.5,85.75,85.75,20,resnet_basic_56,21,random
6,7,7,93.4035024045005,93.66663642137738,93.66663642137738,85.85,86.5,86.5,20,resnet_basic_56,22,random
8,2,2,93.7805098535527,93.81666967998554,93.81666967998554,86.1,87.05,87.05,20,resnet_basic_56,23,random
9,1,9,93.5986943512558,93.68029739776952,93.5986943512558,85.5,85.25,85.5,20,resnet_basic_56,24,random
15,15,4,93.791233619521,93.791233619521,93.36647085404428,86.0,86.0,86.6,20,resnet_basic_56,25,random
6,6,11,93.47374129982826,93.47374129982826,93.40142818403687,85.8,85.8,86.05,20,resnet_basic_56,26,random
18,18,18,93.73925631050392,93.73925631050392,93.73925631050392,86.35,86.35,86.35,20,resnet_basic_56,27,random
8,11,1,93.35578410849186,93.7471557294985,93.71985073268408,85.6,85.05,85.8,20,resnet_basic_56,28,random
8,1,8,93.84267631103074,93.93309222423146,93.84267631103074,86.9,85.95,86.9,20,resnet_basic_56,29,random
11,8,8,94.97923063030522,95.43073866714828,95.43073866714828,88.4,89.4,89.4,28,shake_shake_32d,0,random
16,19,13,95.02082201701974,95.33767879775483,95.1475647293138,88.25,88.55,88.7,27,shake_shake_32d,1,random
20,16,24,95.21660649819496,95.56859205776172,95.03610108303248,88.4,88.5,89.2,29,shake_shake_32d,2,random
9,9,9,95.63715688056718,95.63715688056718,95.63715688056718,89.55,89.55,89.55,30,shake_shake_32d,3,random
9,24,21,95.07558613198154,95.41957092423284,94.95790712410609,88.65,88.3,89.3,28,shake_shake_32d,4,random
0,17,17,95.29198732458126,95.46401086464464,95.46401086464464,88.95,89.1,89.1,29,shake_shake_32d,5,random
8,8,8,95.12700414339758,95.12700414339758,95.12700414339758,88.95,88.95,88.95,27,shake_shake_32d,6,random
12,12,16,95.44509715318571,95.44509715318571,95.16493447808404,88.9,88.9,89.0,30,shake_shake_32d,7,random
14,16,14,95.31546168426752,95.66747901435149,95.31546168426752,88.75,88.5,88.75,28,shake_shake_32d,8,random
20,23,20,95.2346570397112,95.33393501805054,95.2346570397112,89.2,88.6,89.2,30,shake_shake_32d,9,random
4,4,4,95.56716821335256,95.56716821335256,95.56716821335256,88.95,88.95,88.95,28,shake_shake_32d,10,random
24,28,24,95.40816326530611,95.53571428571428,95.40816326530611,89.5,88.95,89.5,29,shake_shake_32d,11,random
26,26,16,95.437641723356,95.437641723356,95.27437641723355,89.1,89.1,89.8,30,shake_shake_32d,12,random
8,8,5,95.13913986266716,95.13913986266716,94.9584387423202,87.6,87.6,88.7,28,shake_shake_32d,13,random
24,3,26,95.5404178019982,95.61307901907357,95.4677565849228,89.0,88.25,89.05,29,shake_shake_32d,14,random
18,0,17,94.91232851821567,95.13945670936675,95.1031161987826,88.2,88.6,88.7,8,shake_shake_32d,15,random
4,3,3,95.79824323100608,95.91596486462012,95.91596486462012,89.45,89.65,89.65,20,shake_shake_32d,16,random
5,8,5,95.4052098408104,95.45947901591896,95.4052098408104,89.1,88.9,89.1,20,shake_shake_32d,17,random
17,17,17,95.18083182640144,95.18083182640144,95.18083182640144,89.65,89.65,89.65,20,shake_shake_32d,18,random
9,9,14,95.53417445765636,95.53417445765636,95.13479168557684,87.95,87.95,89.05,20,shake_shake_32d,19,random
2,8,8,95.38070605318087,95.46238315636629,95.46238315636629,88.45,89.05,89.05,20,shake_shake_32d,20,random
1,1,14,95.61085972850678,95.61085972850678,95.21266968325791,89.15,89.15,89.65,20,shake_shake_32d,21,random
7,18,6,95.27259554428544,95.49900380365877,94.79261003441404,88.6,88.65,88.85,20,shake_shake_32d,22,random
2,2,4,95.51711646440862,95.51711646440862,95.08241260641188,88.85,88.85,89.25,20,shake_shake_32d,23,random
3,3,3,95.08465319497542,95.08465319497542,95.08465319497542,88.6,88.6,88.6,20,shake_shake_32d,24,random
6,6,6,95.48263952008726,95.48263952008726,95.48263952008726,88.3,88.3,88.3,20,shake_shake_32d,25,random
12,12,12,95.53732419761992,95.53732419761992,95.53732419761992,88.7,88.7,88.7,20,shake_shake_32d,26,random
6,7,7,95.25967551889784,95.39563128795432,95.39563128795432,88.75,89.8,89.8,20,shake_shake_32d,27,random
8,8,13,95.7678138197502,95.7678138197502,95.25563842214036,88.6,88.6,88.8,20,shake_shake_32d,28,random
9,9,9,95.21962658969964,95.21962658969964,95.21962658969964,89.1,89.1,89.1,20,shake_shake_32d,29,random
1,10,13,93.30574050746806,93.74662587727192,93.50368904084938,85.6,85.6,85.8,28,vgg_15_BN_64,0,random
20,20,20,93.76590330788804,93.76590330788804,93.76590330788804,86.7,86.7,86.7,27,vgg_15_BN_64,1,random
12,12,20,93.71433746943212,93.71433746943212,93.37922289647676,85.2,85.2,86.05,26,vgg_15_BN_64,2,random
3,9,3,93.46842771847297,93.64031119956576,93.46842771847297,85.6,84.95,85.6,30,vgg_15_BN_64,3,random
0,0,17,93.27859978347168,93.27859978347168,93.1793576326236,85.9,85.9,86.45,30,vgg_15_BN_64,4,random
1,1,1,93.50920134167346,93.50920134167346,93.50920134167346,84.9,84.9,84.9,26,vgg_15_BN_64,5,random
13,19,13,93.4072928980631,93.64372101482222,93.4072928980631,85.9,85.25,85.9,28,vgg_15_BN_64,6,random
1,1,18,93.61028147343652,93.61028147343652,92.8319304914472,85.45,85.45,85.75,30,vgg_15_BN_64,7,random
2,2,17,93.69125090383226,93.69125090383226,93.62798264642082,86.5,86.5,86.95,30,vgg_15_BN_64,8,random
25,23,21,93.52061622111464,93.6202990484821,93.0222020842773,84.65,85.05,85.6,28,vgg_15_BN_64,9,random
9,1,26,93.70875892615022,93.87146343668084,93.60932839193708,85.05,85.15,86.3,30,vgg_15_BN_64,10,random
7,3,7,94.09470246734398,94.10377358490568,94.09470246734398,86.2,84.4,86.2,27,vgg_15_BN_64,11,random
17,27,9,93.774810537712,94.20786719595814,93.86503067484662,85.95,85.3,86.05,26,vgg_15_BN_64,12,random
13,13,5,93.54984212900315,93.54984212900315,93.14388813712225,85.7,85.7,85.95,29,vgg_15_BN_64,13,random
10,17,16,93.2519222071461,93.49615558570784,93.28810492989598,85.3,85.05,85.6,30,vgg_15_BN_64,14,random
15,15,4,93.4011073795044,93.4011073795044,92.91095579558863,85.8,85.8,86.2,20,vgg_15_BN_64,15,random
1,13,17,93.34425930984249,93.48083401620688,92.83438040608212,84.25,84.95,85.3,20,vgg_15_BN_64,16,random
5,5,4,93.82917119073473,93.82917119073473,93.48534201954398,84.7,84.7,85.45,20,vgg_15_BN_64,17,random
11,18,18,93.74033299972704,94.44090619597851,94.44090619597851,85.85,85.95,85.95,20,vgg_15_BN_64,18,random
2,2,0,94.19671237853056,94.19671237853056,93.58822995186632,85.25,85.25,85.7,20,vgg_15_BN_64,19,random
0,0,9,93.4768841038632,93.4768841038632,93.35022165927802,85.05,85.05,86.5,20,vgg_15_BN_64,20,random
0,18,18,93.3785004516712,93.51400180668472,93.51400180668472,84.75,85.85,85.85,20,vgg_15_BN_64,21,random
10,12,12,93.66699792212484,93.73927184027464,93.73927184027464,85.1,86.05,86.05,20,vgg_15_BN_64,22,random
0,9,2,93.1966618287373,93.40529753265602,93.22387518142236,84.55,83.55,84.9,20,vgg_15_BN_64,23,random
18,9,4,93.27435226144264,93.4097679877223,93.0215762390539,84.55,84.2,85.6,20,vgg_15_BN_64,24,random
16,16,16,93.52903753521768,93.52903753521768,93.52903753521768,85.85,85.85,85.85,20,vgg_15_BN_64,25,random
2,15,1,93.1349493487699,93.34298118668596,92.97214182344428,85.15,85.4,85.45,20,vgg_15_BN_64,26,random
9,9,4,93.48373179938882,93.48373179938882,93.18712924680928,85.35,85.35,85.9,20,vgg_15_BN_64,27,random
8,8,3,93.5440057950018,93.5440057950018,93.29047446577329,85.8,85.8,86.05,20,vgg_15_BN_64,28,random
14,14,11,93.7590448625181,93.7590448625181,93.33393632416788,85.25,85.25,85.3,20,vgg_15_BN_64,29,random
